{
  "entrypoint": "dist/build.html",
  "extraDependencies": [
    "node_modules/fetch-ie8/fetch.js",
    "node_modules/promise-polyfill/dist/polyfill.min.js",
    "node_modules/web-animations-js/*.map",
    "node_modules/web-animations-js/*.js",
    "node_modules/@webcomponents/webcomponentsjs/*.js",
    "node_modules/@webcomponents/webcomponentsjs/bundles/*.js",
    "!node_modules/@webcomponents/webcomponentsjs/gulpfile.js"
  ],
  "sources": [],
  "builds": [
    {
      "name": "es6",
      "browserCapabilities": ["es2017", "modules"],
      "js": {
        "minify": false,
        "transformImportMeta": true
      },
      "css": {
        "minify": false
      },
      "html": {
        "minify": false
      },
      "bundle": false
    },
    {
      "name": "es6-amd",
      "browserCapabilities": [
        "es2015"
      ],
      "js": {
        "minify": false,
        "transformModulesToAmd": true,
        "transformImportMeta": true
      },
      "css": {
        "minify": false
      },
      "html": {
        "minify": false
      },
      "bundle": false
    },
    {
      "name": "es5-amd",
      "js": {
        "compile": true,
        "minify": true,
        "transformModulesToAmd": true,
        "transformImportMeta": true
      },
      "css": {
        "minify": true
      },
      "html": {
        "minify": true
      },
      "bundle": false
    }
  ],
  "moduleResolution": "node",
  "npm": true,
  "lint": { 
    "rules": ["polymer-3"]
  }
}
